SAMPLEID,AGE,ENDPOINT
1,45.14452902216,influenza
2,72.1221662056632,DUMMY
3,42.564194106264,DEATH
4,72.7288038783008,influenza
5,70.341853010701,acuteupperinfec
6,70.1074174162932,DUMMY
7,66.7300049851183,DUMMY
8,75.3128821768332,influenza
9,74.4319088010816,DEATH
10,69.9783329979982,insomnia
